{"3": [0.25, 0.25, 0.25, 0.25], "4": [0.25, 0.25, 0.25, 0.25], "5": [0.14666666666666667, 0.36000000000000004, 0.14666666666666667, 0.34666666666666673], "6": [0.25, 0.25, 0.25, 0.25]}